"","Year_Collected","DNA_Concentration_Ben"
"1","2007",1.46338613103333
"2","2004",1.4617338315
"3","2005",1.2838241275625
"4","2006",1.2198250102
"5","2008",1.18498549704706
"6","2010",1.18382238664118
"7","2011",1.12060534684
"8","2012",1.09215585911667
